{
  "function" :"pow",
  "samples" : [
    { "x" : [   "-100",   "100" ], "y" : [            "-154",            "154" ], "count" : 10000000000000 },
    { "x" : [     "-1",     "1" ], "y" : [   "-6.393130e+18",   "6.705319e+18" ], "count" : 10000000000000 },
    { "x" : [      "0",     "6" ], "y" : [              "-6",              "6" ], "count" : 10000000000000 }
  ]
}
